"时间","基站名称","系统模式","告警内容","告警数值","当前阈值"
,"北京","GPS","dH",0,
,"北京","GPS","dH",0,
,"北京","GPS","dH",0,
,"北京","GPS","dH",0,
,"北京","GPS","dH",0,
,"北京","GPS","dH",0,
,"北京","GPS","dH",0,
,"北京","GPS","dH",0,
,"北京","GPS","dH",0,
,"北京","GPS","dH",0,
,"北京","GPS","dH",0,
,"北京","GPS","dH",0,
,"北京","GPS","dH",0,
,"北京","GPS","dH",0,
,"北京","GPS","dH",0,
,"北京","GPS","dH",0,
,"北京","GPS","dH",0,
,"北京","GPS","dH",0,
,"北京","GPS","dH",0,
,"北京","GPS","dH",0,
,"北京","GPS","dH",0,
,"北京","GPS","dH",0,
,"北京","GPS","dH",0,
,"北京","GPS","dH",0,
,"北京","GPS","dH",0,
,"北京","GPS","dH",0,
,"北京","GPS","dH",0,
,"北京","GPS","dH",0,
,"北京","GPS","dH",0,
,"北京","GPS","dH",0,
,"北京","GPS","dH",0,
,"北京","GPS","dH",0,
,"北京","GPS","dH",0,
,"北京","GPS","dH",0,
,"北京","GPS","dH",0,
,"北京","GPS","dH",0,
,"北京","GPS","dH",0,
,"北京","GPS","dH",0,
,"北京","GPS","dH",0,
,"北京","GPS","dH",0,
,"北京","GPS","dH",0,
,"北京","GPS","dH",0,
,"北京","GPS","dH",0,
,"北京","GPS","dH",0,
,"北京","GPS","dH",0,
,"北京","GPS","dH",0,
,"北京","GPS","dH",0,
,"北京","GPS","dH",0,
,"北京","GPS","dH",0,
,"北京","GPS","dH",0,
,"北京","GPS","dH",0,
,"北京","GPS","dH",0,
,"北京","GPS","dH",0,
,"北京","GPS","dH",0,
,"北京","GPS","dH",0,
,"北京","GPS","dH",0,
,"北京","GPS","dH",0,
,"北京","GPS","dH",0,
,"北京","GPS","dH",0,
,"北京","GPS","dH",0,
,"北京","GPS","dH",0,
,"北京","GPS","dH",0,
,"北京","GPS","dH",0,
,"北京","GPS","dH",0,
,"北京","GPS","dH",0,
,"北京","GPS","dH",0,
,"北京","GPS","dH",0,
,"北京","GPS","dH",0,
,"北京","GPS","dH",0,
,"北京","GPS","dH",0,
,"北京","GPS","dH",0,
,"北京","GPS","dH",0,
,"北京","GPS","dH",0,
,"北京","GPS","dH",0,
,"北京","GPS","dH",0,
,"北京","GPS","dH",0,
,"北京","GPS","dH",0,
,"北京","GPS","dH",0,
,"北京","GPS","dH",0,
,"北京","GPS","dH",0,
,"北京","GPS","dH",0,
,"北京","GPS","dH",0,
,"北京","GPS","dH",0,
,"北京","GPS","dH",0,
,"北京","GPS","dH",0,
,"北京","GPS","dH",0,
,"北京","GPS","dH",0,
,"北京","GPS","dH",0,
,"北京","GPS","dH",0,
,"北京","GPS","dH",0,
,"北京","GPS","dH",0,
,"北京","GPS","dH",0,
,"北京","GPS","dH",0,
,"北京","GPS","dH",0,
,"北京","GPS","dH",0,
,"北京","GPS","dH",0,
,"北京","GPS","dH",0,
,"北京","GPS","dH",0,
,"北京","GPS","dH",0,
,"北京","GPS","dH",0,
,"北京","GPS","dH",0,
,"北京","GPS","dH",0,
,"北京","GPS","dH",0,
,"北京","GPS","dH",0,
,"北京","GPS","dH",0,
,"北京","GPS","dH",0,
,"北京","GPS","dH",0,
,"北京","GPS","dH",0,
,"北京","GPS","dH",0,
,"北京","GPS","dH",0,
,"北京","GPS","dH",0,
,"北京","GPS","dH",0,
,"北京","GPS","dH",0,
,"北京","GPS","dH",0,
,"北京","GPS","dH",0,
,"北京","GPS","dH",0,
,"北京","GPS","dH",0,
,"北京","GPS","dH",0,
,"北京","GPS","dH",0,
,"北京","GPS","dH",0,
,"北京","GPS","dH",0,
,"北京","GPS","dH",0,
,"北京","GPS","dH",0,
,"北京","GPS","dH",0,
,"北京","GPS","dH",0,
,"北京","GPS","dH",0,
,"北京","GPS","dH",0,
,"北京","GPS","dH",0,
,"北京","GPS","dH",0,
,"北京","GPS","dH",0,
,"北京","GPS","dH",0,
,"北京","GPS","dH",0,
,"北京","GPS","dH",0,
,"北京","GPS","dH",0,
,"北京","GPS","dH",0,
,"北京","GPS","dH",0,
,"北京","GPS","dH",0,
,"北京","GPS","dH",0,
,"北京","GPS","dH",0,
,"北京","GPS","dH",0,
,"北京","GPS","dH",0,
,"北京","GPS","dH",0,
,"北京","GPS","dH",0,
,"北京","GPS","dH",0,
,"北京","GPS","dH",0,
,"北京","GPS","dH",0,
,"北京","GPS","dH",0,
,"北京","GPS","dH",0,
,"北京","GPS","dH",0,
,"北京","GPS","dH",0,
,"北京","GPS","dH",0,
,"北京","GPS","dH",0,
,"北京","GPS","dH",0,
,"北京","GPS","dH",0,
,"北京","GPS","dH",0,
,"北京","GPS","dH",0,
,"北京","GPS","dH",0,
,"北京","GPS","dH",0,
,"北京","GPS","dH",0,
,"北京","GPS","dH",0,
,"北京","GPS","dH",0,
,"北京","GPS","dH",0,
,"北京","GPS","dH",0,
,"北京","GPS","dH",0,
,"北京","GPS","dH",0,
,"北京","GPS","dH",0,
,"北京","GPS","dH",0,
,"北京","GPS","dH",0,
,"北京","GPS","dH",0,
,"北京","GPS","dH",0,
,"北京","GPS","dH",0,
,"北京","GPS","dH",0,
,"北京","GPS","dH",0,
,"北京","GPS","dH",0,
,"北京","GPS","dH",0,
,"北京","GPS","dH",0,
,"北京","GPS","dH",0,
,"北京","GPS","dH",0,
,"北京","GPS","dH",0,
,"北京","GPS","dH",0,
,"北京","GPS","dH",0,
,"北京","GPS","dH",0,
,"北京","GPS","dH",0,
,"北京","GPS","dH",0,
,"北京","GPS","dH",0,
,"北京","GPS","dH",0,
,"北京","GPS","dH",0,
,"北京","GPS","dH",0,
,"北京","GPS","dH",0,
,"北京","GPS","dH",0,
,"北京","GPS","dH",0,
,"北京","GPS","dH",0,
,"北京","GPS","dH",0,
,"北京","GPS","dH",0,
,"北京","GPS","dH",0,
,"北京","GPS","dH",0,
,"北京","GPS","dH",0,
,"北京","GPS","dH",0,
,"北京","GPS","dH",0,
,"北京","GPS","dH",0,
,"北京","GPS","dH",0,
,"北京","GPS","dH",0,
,"北京","GPS","dH",0,
,"北京","GPS","dH",0,
,"北京","GPS","dH",0,
,"北京","GPS","dH",0,
,"北京","GPS","dH",0,
,"北京","GPS","dH",0,
,"北京","GPS","dH",0,
,"北京","GPS","dH",0,
,"北京","GPS","dH",0,
,"北京","GPS","dH",0,
,"北京","GPS","dH",0,
,"北京","GPS","dH",0,
,"北京","GPS","dH",0,
,"北京","GPS","dH",0,
,"北京","GPS","dH",0,
,"北京","GPS","dH",0,
,"北京","GPS","dH",0,
,"北京","GPS","dH",0,
,"北京","GPS","dH",0,
,"北京","GPS","dH",0,
,"北京","GPS","dH",0,
,"北京","GPS","dH",0,
,"北京","GPS","dH",0,
,"北京","GPS","dH",0,
,"北京","GPS","dH",0,
,"北京","GPS","dH",0,
,"北京","GPS","dH",0,
,"北京","GPS","dH",0,
,"北京","GPS","dH",0,
,"北京","GPS","dH",0,
,"北京","GPS","dH",0,
,"北京","GPS","dH",0,
,"北京","GPS","dH",0,
,"北京","GPS","dH",0,
,"北京","GPS","dH",0,
,"北京","GPS","dH",0,
,"北京","GPS","dH",0,
,"北京","GPS","dH",0,
,"北京","GPS","dH",0,
,"北京","GPS","dH",0,
,"北京","GPS","dH",0,
,"北京","GPS","dH",0,
,"北京","GPS","dH",0,
,"北京","GPS","dH",0,
,"北京","GPS","dH",0,
,"北京","GPS","dH",0,
,"北京","GPS","dH",0,
,"北京","GPS","dH",0,
,"北京","GPS","dH",0,
,"北京","GPS","dH",0,
,"北京","GPS","dH",0,
,"北京","GPS","dH",0,
,"北京","GPS","dH",0,
,"北京","GPS","dH",0,
,"北京","GPS","dH",0,
,"北京","GPS","dH",0,
,"北京","GPS","dH",0,
,"北京","GPS","dH",0,
,"北京","GPS","dH",0,
,"北京","GPS","dH",0,
,"北京","GPS","dH",0,
,"北京","GPS","dH",0,
,"北京","GPS","dH",0,
,"北京","GPS","dH",0,
,"北京","GPS","dH",0,
,"北京","GPS","dH",0,
,"北京","GPS","dH",0,
,"北京","GPS","dH",0,
,"北京","GPS","dH",0,
,"北京","GPS","dH",0,
,"北京","GPS","dH",0,
,"北京","GPS","dH",0,
,"北京","GPS","dH",0,
,"北京","GPS","dH",0,
,"北京","GPS","dH",0,
,"北京","GPS","dH",0,
,"北京","GPS","dH",0,
,"北京","GPS","dH",0,
,"北京","GPS","dH",0,
,"北京","GPS","dH",0,
,"北京","GPS","dH",0,
,"北京","GPS","dH",0,
,"北京","GPS","dH",0,
,"北京","GPS","dH",0,
,"北京","GPS","dH",0,
,"北京","GPS","dH",0,
,"北京","GPS","dH",0,
,"北京","GPS","dH",0,
,"北京","GPS","dH",0,
,"北京","GPS","dH",0,
,"北京","GPS","dH",0,
,"北京","GPS","dH",0,
,"北京","GPS","dH",0,
,"北京","GPS","dH",0,
,"北京","GPS","dH",0,
,"北京","GPS","dH",0,
,"北京","GPS","dH",0,
,"北京","GPS","dH",0,
,"北京","GPS","dH",0,
,"北京","GPS","dH",0,
,"北京","GPS","dH",0,
,"北京","GPS","dH",0,
,"北京","GPS","dH",0,
,"北京","GPS","dH",0,
,"北京","GPS","dH",0,
,"北京","GPS","dH",0,
,"北京","GPS","dH",0,
,"北京","GPS","dH",0,
,"北京","GPS","dH",0,
,"北京","GPS","dH",0,
,"北京","GPS","dH",0,
,"北京","GPS","dH",0,
,"北京","GPS","dH",0,
,"北京","GPS","dH",0,
,"北京","GPS","dH",0,
,"北京","GPS","dH",0,
,"北京","GPS","dH",0,
,"北京","GPS","dH",0,
,"北京","GPS","dH",0,
,"北京","GPS","dH",0,
,"北京","GPS","dH",0,
,"北京","GPS","dH",0,
,"北京","GPS","dH",0,
,"北京","GPS","dH",0,
,"北京","GPS","dH",0,
,"北京","GPS","dH",0,
,"北京","GPS","dH",0,
,"北京","GPS","dH",0,
,"北京","GPS","dH",0,
,"北京","GPS","dH",0,
,"北京","GPS","dH",0,
,"北京","GPS","dH",0,
,"北京","GPS","dH",0,
,"北京","GPS","dH",0,
,"北京","GPS","dH",0,
,"北京","GPS","dH",0,
,"北京","GPS","dH",0,
,"北京","GPS","dH",0,
,"北京","GPS","dH",0,
,"北京","GPS","dH",0,
,"北京","GPS","dH",0,
,"北京","GPS","dH",0,
,"北京","GPS","dH",0,
,"北京","GPS","dH",0,
,"北京","GPS","dH",0,
,"北京","GPS","dH",0,
,"北京","GPS","dH",0,
,"北京","GPS","dH",0,
,"北京","GPS","dH",0,
,"北京","GPS","dH",0,
,"北京","GPS","dH",0,
,"北京","GPS","dH",0,
,"北京","GPS","dH",0,
,"北京","GPS","dH",0,
,"北京","GPS","dH",0,
,"北京","GPS","dH",0,
,"北京","GPS","dH",0,
,"北京","GPS","dH",0,
,"北京","GPS","dH",0,
,"北京","GPS","dH",0,
,"北京","GPS","dH",0,
,"北京","GPS","dH",0,
,"北京","GPS","dH",0,
,"北京","GPS","dH",0,
,"北京","GPS","dH",0,
,"北京","GPS","dH",0,
,"北京","GPS","dH",0,
,"北京","GPS","dH",0,
,"北京","GPS","dH",0,
,"北京","GPS","dH",0,
,"北京","GPS","dH",0,
,"北京","GPS","dH",0,
,"北京","GPS","dH",0,
,"北京","GPS","dH",0,
,"北京","GPS","dH",0,
,"北京","GPS","dH",0,
,"北京","GPS","dH",0,
,"北京","GPS","dH",0,
,"北京","GPS","dH",0,
,"北京","GPS","dH",0,
,"北京","GPS","dH",0,
,"北京","GPS","dH",0,
,"北京","GPS","dH",0,
,"北京","GPS","dH",0,
,"北京","GPS","dH",0,
,"北京","GPS","dH",0,
,"北京","GPS","dH",0,
,"北京","GPS","dH",0,
,"北京","GPS","dH",0,
,"北京","GPS","dH",0,
,"北京","GPS","dH",0,
,"北京","GPS","dH",0,
,"北京","GPS","dH",0,